,Temperature (K),Partition Function
0,10.0,2.2883899284046566e+37
1,11.001011122345805,1.09037937708345e+37
2,12.002022244691608,6.0591086744554e+36
3,13.00303336703741,3.7848314311579725e+36
4,14.004044489383215,2.5897933600773535e+36
5,15.00505561172902,1.9052679637473827e+36
6,16.00606673407482,1.4863106587851968e+36
7,17.007077856420626,1.2166322507273666e+36
8,18.00808897876643,1.0364583060014926e+36
9,19.009100101112235,9.129764244383951e+35
10,20.01011122345804,8.271559104688287e+35
11,21.01112234580384,7.674340819944963e+35
12,22.012133468149646,7.265022489153592e+35
13,23.01314459049545,6.995817362426103e+35
14,24.01415571284125,6.834561887964861e+35
15,25.015166835187056,6.759063575101867e+35
16,26.01617795753286,6.753681889404373e+35
17,27.017189079878666,6.807194590473587e+35
18,28.01820020222447,6.911428732601354e+35
19,29.01921132457027,7.06036011284655e+35
20,30.020222446916076,7.249507400750943e+35
21,31.02123356926188,7.475516135125555e+35
22,32.02224469160768,7.735867746293299e+35
23,33.02325581395348,8.028672556849476e+35
24,34.02426693629929,8.352520224377367e+35
25,35.0252780586451,8.706370136087227e+35
26,36.0262891809909,9.089470021248446e+35
27,37.0273003033367,9.501294778789666e+35
28,38.0283114256825,9.941499978837294e+35
29,39.02932254802831,1.040988614686312e+36
30,40.03033367037411,1.0906371061702177e+36
31,41.03134479271992,1.1430968073217431e+36
32,42.03235591506572,1.1983768986743965e+36
33,43.03336703741152,1.2564930444463762e+36
34,44.03437815975733,1.3174663007961066e+36
35,45.03538928210313,1.3813222344475144e+36
36,46.03640040444894,1.448090206423376e+36
37,47.03741152679474,1.5178027863110433e+36
38,48.03842264914054,1.590495270438366e+36
39,49.03943377148635,1.6662052833075966e+36
40,50.04044489383215,1.7449724461526329e+36
41,51.04145601617795,1.826838099929179e+36
42,52.04246713852376,1.9118450726927336e+36
43,53.04347826086956,2.000037483364732e+36
44,54.044489383215364,2.0914605754793725e+36
45,55.04550050556117,2.1861605757504916e+36
46,56.04651162790697,2.2841845732804406e+36
47,57.04752275025278,2.3855804160112302e+36
48,58.04853387259858,2.4903966216384046e+36
49,59.049544994944384,2.5986823007047115e+36
50,60.05055611729019,2.710487089990232e+36
51,61.05156723963599,2.8258610946388194e+36
52,62.0525783619818,2.944854837723206e+36
53,63.0535894843276,3.067519216165149e+36
54,64.0546006066734,3.193905462102656e+36
55,65.0556117290192,3.324065108940445e+36
56,66.056622851365,3.4580499614390256e+36
57,67.05763397371081,3.5959120692966484e+36
58,68.05864509605662,3.73770370376042e+36
59,69.05965621840242,3.883477336871535e+36
60,70.06066734074822,4.0332856230070394e+36
61,71.06167846309404,4.187181382428715e+36
62,72.06268958543984,4.3452175865904785e+36
63,73.06370070778564,4.507447344990024e+36
64,74.06471183013144,4.67392389337952e+36
65,75.06572295247724,4.844700583175197e+36
66,76.06673407482305,5.019830871926413e+36
67,77.06774519716886,5.1993683147233857e+36
68,78.06875631951466,5.383366556437678e+36
69,79.06976744186046,5.571879324703285e+36
70,80.07077856420626,5.764960423557453e+36
71,81.07178968655207,5.962663727670138e+36
72,82.07280080889788,6.165043177099798e+36
73,83.07381193124368,6.372152772520455e+36
74,84.07482305358948,6.584046570871524e+36
75,85.07583417593528,6.800778681387346e+36
76,86.07684529828109,7.022403261968475e+36
77,87.07785642062689,7.24897451586092e+36
78,88.0788675429727,7.480546688613304e+36
79,89.0798786653185,7.717174065285146e+36
80,90.0808897876643,7.958910967882495e+36
81,91.0819009100101,8.20581175299966e+36
82,92.0829120323559,8.457930809647734e+36
83,93.08392315470172,8.715322557253119e+36
84,94.08493427704752,8.978041443810557e+36
85,95.08594539939332,9.246141944176913e+36
86,96.08695652173913,9.519678558493435e+36
87,97.08796764408493,9.798705810725121e+36
88,98.08897876643073,1.0083278247307342e+37
89,99.08998988877654,1.0373450435890504e+37
90,100.09100101112234,1.0669276964174468e+37
91,101.09201213346815,1.097081243882553e+37
92,102.09302325581395,1.1278111484468861e+37
93,103.09403437815975,1.1591228742750511e+37
94,104.09504550050556,1.1910218871463442e+37
95,105.09605662285136,1.2235136543732267e+37
96,106.09706774519717,1.2566036447252436e+37
97,107.09807886754297,1.290297328357933e+37
98,108.09908998988877,1.3246001767463609e+37
99,109.10010111223458,1.3595176626229388e+37
100,110.10111223458038,1.3950552599191733e+37
101,111.10212335692619,1.4312184437110906e+37
102,112.10313447927199,1.4680126901680386e+37
103,113.10414560161779,1.505443476504644e+37
104,114.1051567239636,1.54351628093567e+37
105,115.1061678463094,1.5822365826335965e+37
106,116.1071789686552,1.6216098616887143e+37
107,117.108190091001,1.661641599071562e+37
108,118.10920121334681,1.702337276597539e+37
109,119.11021233569261,1.7437023768935554e+37
110,120.11122345803842,1.7857423833665803e+37
111,121.11223458038423,1.8284627801739385e+37
112,122.11324570273003,1.871869052195282e+37
113,123.11425682507583,1.9159666850060804e+37
114,124.11526794742163,1.9607611648525688e+37
115,125.11627906976744,2.0062579786280253e+37
116,126.11729019211324,2.0524626138503288e+37
117,127.11830131445905,2.0993805586406872e+37
118,128.11931243680485,2.147017301703475e+37
119,129.12032355915065,2.19537833230711e+37
120,130.12133468149645,2.2444691402658975e+37
121,131.12234580384228,2.2942952159228124e+37
122,132.12335692618808,2.344862050133109e+37
123,133.12436804853388,2.396175134248762e+37
124,134.12537917087968,2.4482399601036593e+37
125,135.12639029322548,2.5010620199995076e+37
126,136.12740141557128,2.554646806692422e+37
127,137.1284125379171,2.608999813380141e+37
128,138.1294236602629,2.6641265336898303e+37
129,139.1304347826087,2.720032461666479e+37
130,140.1314459049545,2.7767230917618093e+37
131,141.1324570273003,2.834203918823674e+37
132,142.1334681496461,2.8924804380859637e+37
133,143.1344792719919,2.9515581451589393e+37
134,144.13549039433772,3.011442536019989e+37
135,145.13650151668352,3.072139107004799e+37
136,146.13751263902932,3.1336533547988845e+37
137,147.13852376137513,3.195990776429516e+37
138,148.13953488372093,3.2591568692579276e+37
139,149.14054600606673,3.3231571309719144e+37
140,150.14155712841253,3.3879970595786933e+37
141,151.14256825075833,3.453682153398052e+37
142,152.14357937310413,3.520217911055818e+37
143,153.14459049544993,3.587609831477524e+37
144,154.14560161779576,3.6558634138823815e+37
145,155.14661274014156,3.7249841577774486e+37
146,156.14762386248736,3.794977562952061e+37
147,157.14863498483317,3.865849129472422e+37
148,158.14964610717897,3.9376043576764566e+37
149,159.15065722952477,4.010248748168817e+37
150,160.15166835187057,4.0837878018160946e+37
151,161.15267947421637,4.158227019742185e+37
152,162.15369059656217,4.233571903323847e+37
153,163.15470171890797,4.309827954186396e+37
154,164.15571284125377,4.387000674199585e+37
155,165.1567239635996,4.4650955654735625e+37
156,166.1577350859454,4.54411813035506e+37
157,167.1587462082912,4.624073871423639e+37
158,168.159757330637,4.704968291488092e+37
159,169.1607684529828,4.786806893582971e+37
160,170.1617795753286,4.86959518096521e+37
161,171.1627906976744,4.953338657110886e+37
162,172.1638018200202,5.0380428257120525e+37
163,173.164812942366,5.123713190673698e+37
164,174.1658240647118,5.2103552561108e+37
165,175.16683518705761,5.297974526345461e+37
166,176.16784630940344,5.386576505904116e+37
167,177.16885743174925,5.476166699514892e+37
168,178.16986855409505,5.566750612104963e+37
169,179.17087967644085,5.658333748798052e+37
170,180.17189079878665,5.750921614911938e+37
171,181.17290192113245,5.8445197159561245e+37
172,182.17391304347825,5.939133557629506e+37
173,183.17492416582405,6.034768645818105e+37
174,184.17593528816985,6.131430486592931e+37
175,185.17694641051565,6.229124586207815e+37
176,186.17795753286146,6.327856451097387e+37
177,187.17896865520729,6.42763158787505e+37
178,188.1799797775531,6.5284555033310065e+37
179,189.1809908998989,6.630333704430423e+37
180,190.1820020222447,6.733271698311509e+37
181,191.1830131445905,6.837274992283774e+37
182,192.1840242669363,6.942349093826232e+37
183,193.1850353892821,7.048499510585714e+37
184,194.1860465116279,7.155731750375197e+37
185,195.1870576339737,7.26405132117217e+37
186,196.1880687563195,7.373463731117074e+37
187,197.18907987866532,7.483974488511717e+37
188,198.19009100101113,7.595589101817802e+37
189,199.19110212335693,7.708313079655437e+37
190,200.19211324570273,7.8221519308016935e+37
191,201.19312436804853,7.937111164189216e+37
192,202.19413549039433,8.053196288904842e+37
193,203.19514661274013,8.170412814188232e+37
194,204.19615773508593,8.2887662494306285e+37
195,205.19716885743173,8.40826210417349e+37
196,206.19817997977754,8.528905888107326e+37
197,207.19919110212334,8.65070311107037e+37
198,208.20020222446917,8.773659283047468e+37
199,209.20121334681497,8.897779914168854e+37
200,210.20222446916077,9.023070514709026e+37
201,211.20323559150657,9.149536595085583e+37
202,212.20424671385237,9.27718366585818e+37
203,213.20525783619817,9.4060172377274e+37
204,214.20626895854397,9.53604282153369e+37
205,215.20728008088977,9.66726592825637e+37
206,216.20829120323558,9.799692069012573e+37
207,217.20930232558138,9.933326755056264e+37
208,218.2103134479272,1.0068175497777256e+38
209,219.211324570273,1.020424380870025e+38
210,220.2123356926188,1.0341537199483888e+38
211,221.2133468149646,1.048006118191987e+38
212,222.2143579373104,1.0619821267931975e+38
213,223.2153690596562,1.0760822969575199e+38
214,224.216380182002,1.0903071799034926e+38
215,225.2173913043478,1.1046573268625978e+38
216,226.21840242669361,1.1191332890791856e+38
217,227.21941354903942,1.1337356178103852e+38
218,228.22042467138522,1.1484648643260283e+38
219,229.22143579373105,1.1633215799085615e+38
220,230.22244691607685,1.1783063158529757e+38
221,231.22345803842265,1.1934196234667218e+38
222,232.22446916076845,1.2086620540696396e+38
223,233.22548028311425,1.2240341589938807e+38
224,234.22649140546005,1.2395364895838288e+38
225,235.22750252780585,1.2551695971960402e+38
226,236.22851365015165,1.2709340331991603e+38
227,237.22952477249746,1.2868303489738585e+38
228,238.23053589484326,1.3028590959127568e+38
229,239.23154701718906,1.3190208254203638e+38
230,240.2325581395349,1.335316088913004e+38
231,241.2335692618807,1.3517454378187557e+38
232,242.2345803842265,1.368309423577383e+38
233,243.2355915065723,1.3850085976402725e+38
234,244.2366026289181,1.4018435114703653e+38
235,245.2376137512639,1.4188147165421067e+38
236,246.2386248736097,1.4359227643413693e+38
237,247.2396359959555,1.4531682063654011e+38
238,248.2406471183013,1.4705515941227666e+38
239,249.2416582406471,1.4880734791332807e+38
240,250.2426693629929,1.5057344129279594e+38
241,251.24368048533873,1.5235349470489543e+38
242,252.24469160768453,1.5414756330494965e+38
243,253.24570273003033,1.5595570224938501e+38
244,254.24671385237613,1.5777796669572452e+38
245,255.24772497472193,1.5961441180258288e+38
246,256.24873609706776,1.6146509272966102e+38
247,257.2497472194135,1.6333006463774053e+38
248,258.25075834175937,1.6520938268867976e+38
249,259.2517694641051,1.6710310204540593e+38
250,260.25278058645097,1.6901127787191266e+38
251,261.25379170879677,1.7093396533325365e+38
252,262.25480283114257,1.72871219595538e+38
253,263.25581395348837,1.7482309582592434e+38
254,264.2568250758342,1.767896491926182e+38
255,265.25783619818,1.7877093486486435e+38
256,266.2588473205258,1.807670080129444e+38
257,267.2598584428716,1.8277792380817065e+38
258,268.2608695652174,1.84803737422882e+38
259,269.2618806875632,1.8684450403043935e+38
260,270.262891809909,1.88900278805221e+38
261,271.2639029322548,1.9097111692261778e+38
262,272.2649140546006,1.93057073559029e+38
263,273.2659251769464,1.951582038918582e+38
264,274.2669362992922,1.9727456309950815e+38
265,275.267947421638,1.9940620636137754e+38
266,276.2689585439838,2.0155318885785495e+38
267,277.26996966632964,2.037155657703175e+38
268,278.27098078867544,2.0589339228112324e+38
269,279.27199191102125,2.0808672357360964e+38
270,280.27300303336705,2.1029561483208857e+38
271,281.27401415571285,2.1252012124184202e+38
272,282.27502527805865,2.1476029798911814e+38
273,283.27603640040445,2.170162002611284e+38
274,284.27704752275025,2.1928788324604148e+38
275,285.27805864509605,2.2157540213298156e+38
276,286.27906976744185,2.238788121120234e+38
277,287.28008088978765,2.2619816837418807e+38
278,288.28109201213346,2.2853352611144053e+38
279,289.28210313447926,2.308849405166847e+38
280,290.28311425682506,2.332524667837603e+38
281,291.28412537917086,2.356361601074392e+38
282,292.28513650151666,2.3803607568342156e+38
283,293.28614762386246,2.4045226870833175e+38
284,294.28715874620826,2.4288479437971638e+38
285,295.28816986855406,2.4533370789603876e+38
286,296.28918099089987,2.4779906445667747e+38
287,297.29019211324567,2.502809192619204e+38
288,298.2912032355915,2.5277932751296404e+38
289,299.2922143579373,2.5529434441190752e+38
290,300.2932254802831,2.5782602516175105e+38
291,301.2942366026289,2.603744249663922e+38
292,302.29524772497473,2.6293959903062172e+38
293,303.29625884732053,2.6552160256012144e+38
294,304.29726996966633,2.6812049076145954e+38
295,305.29828109201213,2.7073631884208886e+38
296,306.29929221435793,2.733691420103433e+38
297,307.30030333670373,2.760190154754333e+38
298,308.30131445904954,2.7868599444744465e+38
299,309.30232558139534,2.8137013413733392e+38
300,310.30333670374114,2.8407148975692624e+38
301,311.30434782608694,2.8679011651891178e+38
302,312.30535894843274,2.8952606963684195e+38
303,313.30637007077854,2.9227940432512817e+38
304,314.30738119312434,2.9505017579903777e+38
305,315.30839231547014,2.9783843927469038e+38
306,316.30940343781594,3.0064424996905706e+38
307,317.31041456016175,3.0346766309995445e+38
308,318.31142568250755,3.0630873388604422e+38
309,319.31243680485335,3.091675175468289e+38
310,320.3134479271992,3.1204406930265074e+38
311,321.314459049545,3.1493844437468548e+38
312,322.3154701718908,3.1785069798494362e+38
313,323.3164812942366,3.2078088535626475e+38
314,324.3174924165824,3.2372906171231572e+38
315,325.3185035389282,3.2669528227758744e+38
316,326.319514661274,3.296796022773933e+38
317,327.3205257836198,3.326820769378659e+38
318,328.3215369059656,3.3570276148595196e+38
319,329.3225480283114,3.3874171114941482e+38
320,330.3235591506572,3.4179898115682664e+38
321,331.324570273003,3.448746267375682e+38
322,332.3255813953488,3.479687031218274e+38
323,333.3265925176946,3.510812655405924e+38
324,334.3276036400404,3.54212369225655e+38
325,335.3286147623862,3.573620694096019e+38
326,336.329625884732,3.6053042132581796e+38
327,337.3306370070778,3.637174802084784e+38
328,338.3316481294236,3.669233012925507e+38
329,339.3326592517694,3.70147939813789e+38
330,340.33367037411523,3.733914510087328e+38
331,341.3346814964611,3.766538901147057e+38
332,342.3356926188069,3.799353123698095e+38
333,343.3367037411527,3.832357730129258e+38
334,344.3377148634985,3.8655532728371164e+38
335,345.3387259858443,3.898940304225961e+38
336,346.3397371081901,3.932519376707804e+38
337,347.3407482305359,3.966291042702323e+38
338,348.3417593528817,4.000255854636882e+38
339,349.3427704752275,4.034414364946472e+38
340,350.3437815975733,4.0687671260736764e+38
341,351.3447927199191,4.103314690468705e+38
342,352.3458038422649,4.138057610589318e+38
343,353.3468149646107,4.17299643890082e+38
344,354.3478260869565,4.208131727876039e+38
345,355.3488372093023,4.243464029995308e+38
346,356.3498483316481,4.278993897746434e+38
347,357.3508594539939,4.314721883624688e+38
348,358.3518705763397,4.350648540132759e+38
349,359.3528816986855,4.3867744197807656e+38
350,360.3538928210313,4.423100075086208e+38
351,361.3549039433771,4.459626058573951e+38
352,362.3559150657229,4.496352922776212e+38
353,363.35692618806877,4.53328122023254e+38
354,364.35793731041457,4.570411503489773e+38
355,365.35894843276037,4.607744325102045e+38
356,366.3599595551062,4.645280237630749e+38
357,367.360970677452,4.683019793644517e+38
358,368.3619817997978,4.720963545719208e+38
359,369.3629929221436,4.759112046437873e+38
360,370.3640040444894,4.7974658483907546e+38
361,371.3650151668352,4.8360255041752345e+38
362,372.366026289181,4.874791566395855e+38
363,373.3670374115268,4.91376458766427e+38
364,374.3680485338726,4.952945120599225e+38
365,375.3690596562184,4.992333717826556e+38
366,376.3700707785642,5.031930931979153e+38
367,377.37108190091,5.0717373156969385e+38
368,378.3720930232558,5.1117534216268744e+38
369,379.3731041456016,5.151979802422901e+38
370,380.3741152679474,5.1924170107459566e+38
371,381.3751263902932,5.233065599263931e+38
372,382.376137512639,5.273926120651669e+38
373,383.3771486349848,5.314999127590924e+38
374,384.37815975733065,5.3562851727703685e+38
375,385.37917087967645,5.397784808885556e+38
376,386.38018200202225,5.439498588638903e+38
377,387.38119312436805,5.48142706473968e+38
378,388.38220424671385,5.523570789903994e+38
379,389.38321536905966,5.5659303168547536e+38
380,390.38422649140546,5.608506198321665e+38
381,391.38523761375126,5.651298987041222e+38
382,392.38624873609706,5.69430923575665e+38
383,393.38725985844286,5.7375374972179404e+38
384,394.38827098078866,5.780984324181796e+38
385,395.38928210313446,5.824650269411625e+38
386,396.39029322548026,5.868535885677514e+38
387,397.39130434782606,5.912641725756236e+38
388,398.39231547017187,5.956968342431193e+38
389,399.39332659251767,6.001516288492446e+38
390,400.39433771486347,6.0462861167366525e+38
391,401.39534883720927,6.0912783799670806e+38
392,402.39635995955507,6.136493630993581e+38
393,403.39737108190087,6.181932422632559e+38
394,404.3983822042467,6.2275953077069755e+38
395,405.39939332659253,6.2734828390463386e+38
396,406.40040444893833,6.3195955694866295e+38
397,407.40141557128413,6.3659340518703744e+38
398,408.40242669362993,6.412498839046555e+38
399,409.40343781597574,6.45929048387062e+38
400,410.40444893832154,6.506309539204477e+38
401,411.40546006066734,6.553556557916451e+38
402,412.40647118301314,6.601032092881293e+38
403,413.40748230535894,6.648736696980157e+38
404,414.40849342770474,6.696670923100572e+38
405,415.40950455005054,6.7448353241364324e+38
406,416.41051567239634,6.793230452988e+38
407,417.41152679474214,6.841856862561853e+38
408,418.41253791708795,6.890715105770909e+38
409,419.41354903943375,6.939805735534378e+38
410,420.41456016177955,6.989129304777749e+38
411,421.41557128412535,7.038686366432814e+38
412,422.41658240647115,7.088477473437592e+38
413,423.41759352881695,7.138503178736362e+38
414,424.41860465116275,7.188764035279628e+38
415,425.41961577350855,7.239260596024095e+38
416,426.4206268958544,7.289993413932684e+38
417,427.4216380182002,7.340963041974483e+38
418,428.422649140546,7.392170033124745e+38
419,429.4236602628918,7.443614940364883e+38
420,430.4246713852376,7.495298316682441e+38
421,431.4256825075834,7.547220715071087e+38
422,432.4266936299292,7.599382688530603e+38
423,433.427704752275,7.651784790066844e+38
424,434.4287158746208,7.704427572691769e+38
425,435.4297269969666,7.757311589423385e+38
426,436.4307381193124,7.810437393285737e+38
427,437.4317492416582,7.863805537308937e+38
428,438.432760364004,7.91741657452908e+38
429,439.4337714863498,7.971271057988293e+38
430,440.4347826086956,8.02536954073469e+38
431,441.43579373104143,8.079712575822345e+38
432,442.43680485338723,8.134300716311325e+38
433,443.43781597573303,8.189134515267629e+38
434,444.43882709807883,8.244214525763184e+38
435,445.43983822042463,8.299541300875857e+38
436,446.44084934277043,8.355115393689407e+38
437,447.44186046511624,8.410937357293497e+38
438,448.4428715874621,8.467007744783681e+38
439,449.4438827098079,8.523327109261347e+38
440,450.4448938321537,8.579896003833767e+38
441,451.4459049544995,8.636714981614046e+38
442,452.4469160768453,8.693784595721104e+38
443,453.4479271991911,8.751105399279683e+38
444,454.4489383215369,8.808677945420328e+38
445,455.4499494438827,8.86650278727936e+38
446,456.4509605662285,8.924580477998894e+38
447,457.4519716885743,8.982911570726778e+38
448,458.4529828109201,9.041496618616618e+38
449,459.4539939332659,9.100336174827765e+38
450,460.4550050556117,9.159430792525283e+38
451,461.4560161779575,9.218781024879931e+38
452,462.4570273003033,9.278387425068187e+38
453,463.4580384226491,9.338250546272203e+38
454,464.4590495449949,9.39837094167979e+38
455,465.4600606673407,9.458749164484438e+38
456,466.4610717896865,9.519385767885246e+38
457,467.4620829120323,9.580281305086981e+38
458,468.4630940343781,9.641436329300026e+38
459,469.464105156724,9.702851393740349e+38
460,470.4651162790698,9.764527051629527e+38
461,471.4661274014156,9.826463856194711e+38
462,472.4671385237614,9.888662360668641e+38
463,473.4681496461072,9.951123118289591e+38
464,474.469160768453,1.00138466823014e+39
465,475.4701718907988,1.0076833605953428e+39
466,476.4711830131446,1.0140084442500555e+39
467,477.4721941354904,1.0203599745203185e+39
468,478.4732052578362,1.02673800673272e+39
469,479.474216380182,1.0331425962143988e+39
470,480.4752275025278,1.0395737982930396e+39
471,481.4762386248736,1.046031668296873e+39
472,482.4772497472194,1.0525162615546759e+39
473,483.4782608695652,1.0590276333957691e+39
474,484.479271991911,1.0655658391500129e+39
475,485.4802831142568,1.0721309341478136e+39
476,486.4812942366026,1.0787229737201152e+39
477,487.4823053589484,1.0853420131984013e+39
478,488.4833164812942,1.0919881079146937e+39
479,489.48432760364,1.0986613132015496e+39
480,490.4853387259858,1.1053616843920651e+39
481,491.48634984833166,1.1120892768198694e+39
482,492.48736097067746,1.1188441458191214e+39
483,493.48837209302326,1.12562634672452e+39
484,494.48938321536906,1.1324359348712891e+39
485,495.49039433771486,1.139272965595184e+39
486,496.49140546006066,1.146137494232491e+39
487,497.49241658240646,1.153029576120021e+39
488,498.49342770475226,1.159949266595116e+39
489,499.49443882709807,1.166896620995641e+39
490,500.49544994944387,1.173871694659985e+39
491,501.49646107178967,1.180874542927061e+39
492,502.49747219413547,1.1879052211363045e+39
493,503.49848331648127,1.1949637846276743e+39
494,504.49949443882707,1.2020502887416463e+39
495,505.5005055611729,1.2091647888192185e+39
496,506.5015166835187,1.2163073402019035e+39
497,507.5025278058645,1.2234779982317345e+39
498,508.5035389282103,1.2306768182512573e+39
499,509.5045500505561,1.2379038556035357e+39
500,510.5055611729019,1.245159165632146e+39
501,511.5065722952477,1.2524428036811775e+39
502,512.5075834175935,1.2597548250952316e+39
503,513.5085945399394,1.2670952852194188e+39
504,514.5096056622851,1.2744642393993603e+39
505,515.5106167846309,1.2818617429811867e+39
506,516.5116279069767,1.2892878513115363e+39
507,517.5126390293226,1.2967426197375546e+39
508,518.5136501516683,1.304226103606887e+39
509,519.5146612740141,1.3117383582676913e+39
510,520.51567239636,1.3192794390686268e+39
511,521.5166835187058,1.3268494013588514e+39
512,522.5176946410515,1.3344483004880271e+39
513,523.5187057633974,1.3420761918063196e+39
514,524.5197168857432,1.3497331306643864e+39
515,525.520728008089,1.3574191724133935e+39
516,526.5217391304348,1.365134372404995e+39
517,527.5227502527806,1.3728787859913495e+39
518,528.5237613751264,1.3806524685251046e+39
519,529.5247724974722,1.388455475359407e+39
520,530.525783619818,1.396287861847894e+39
521,531.5267947421638,1.4041496833447e+39
522,532.5278058645096,1.4120409952044436e+39
523,533.5288169868554,1.4199618527822438e+39
524,534.5298281092012,1.4279123114337014e+39
525,535.530839231547,1.4358924265149097e+39
526,536.5318503538928,1.4439022533824506e+39
527,537.5328614762386,1.4519418473933885e+39
528,538.5338725985844,1.4600112639052783e+39
529,539.5348837209302,1.46811055827616e+39
530,540.535894843276,1.4762397858645535e+39
531,541.5369059656218,1.4843990020294658e+39
532,542.5379170879676,1.4925882621303845e+39
533,543.5389282103134,1.5008076215272788e+39
534,544.5399393326593,1.5090571355806003e+39
535,545.540950455005,1.5173368596512747e+39
536,546.5419615773509,1.5256468491007108e+39
537,547.5429726996966,1.533987159290794e+39
538,548.5439838220425,1.5423578455838873e+39
539,549.5449949443882,1.550758963342827e+39
540,550.5460060667341,1.559190567930927e+39
541,551.5470171890798,1.5676527147119738e+39
542,552.5480283114257,1.576145459050227e+39
543,553.5490394337714,1.5846688563104164e+39
544,554.5500505561173,1.5932229618577498e+39
545,555.551061678463,1.6018078310578977e+39
546,556.5520728008089,1.6104235192770028e+39
547,557.5530839231546,1.6190700818816794e+39
548,558.5540950455005,1.6277475742390068e+39
549,559.5551061678462,1.6364560517165286e+39
550,560.5561172901921,1.6451955696822598e+39
551,561.5571284125378,1.653966183504681e+39
552,562.5581395348837,1.66276794855273e+39
553,563.5591506572295,1.671600920195812e+39
554,564.5601617795753,1.6804651538038004e+39
555,565.5611729019212,1.6893607047470172e+39
556,566.5621840242669,1.6982876283962588e+39
557,567.5631951466128,1.7072459801227748e+39
558,568.5642062689585,1.7162358152982735e+39
559,569.5652173913044,1.7252571892949242e+39
560,570.5662285136501,1.7343101574853516e+39
561,571.567239635996,1.7433947752426388e+39
562,572.5682507583417,1.7525110979403228e+39
563,573.5692618806876,1.761659180952398e+39
564,574.5702730030333,1.7708390796533097e+39
565,575.5712841253792,1.7800508494179595e+39
566,576.5722952477249,1.7892945456216986e+39
567,577.5733063700708,1.798570223640334e+39
568,578.5743174924165,1.8078779388501186e+39
569,579.5753286147624,1.8172177466277586e+39
570,580.5763397371081,1.82658970235041e+39
571,581.577350859454,1.8359938613956722e+39
572,582.5783619817997,1.845430279141597e+39
573,583.5793731041456,1.854899010966685e+39
574,584.5803842264913,1.864400112249873e+39
575,585.5813953488372,1.8739336383705538e+39
576,586.582406471183,1.8834996447085607e+39
577,587.5834175935288,1.893098186644166e+39
578,588.5844287158747,1.9027293195580922e+39
579,589.5854398382204,1.9123930988314982e+39
580,590.5864509605663,1.9220895798459893e+39
581,591.587462082912,1.931818817983602e+39
582,592.5884732052579,1.9415808686268248e+39
583,593.5894843276036,1.951375787158577e+39
584,594.5904954499495,1.9612036289622152e+39
585,595.5915065722952,1.9710644494215404e+39
586,596.5925176946411,1.980958303920782e+39
587,597.5935288169868,1.990885247844609e+39
588,598.5945399393327,2.000845336578127e+39
589,599.5955510616784,2.0108386255068728e+39
590,600.5965621840243,2.020865170016819e+39
591,601.59757330637,2.030925025494367e+39
592,602.5985844287159,2.0410182473263586e+39
593,603.5995955510616,2.0511448909000552e+39
594,604.6006066734075,2.0613050116031567e+39
595,605.6016177957532,2.071498664823791e+39
596,606.6026289180991,2.081725905950516e+39
597,607.6036400404448,2.0919867903723116e+39
598,608.6046511627907,2.1022813734785964e+39
599,609.6056622851365,2.1126097106592077e+39
600,610.6066734074823,2.1229718573044052e+39
601,611.6076845298281,2.1333678688048838e+39
602,612.6086956521739,2.1437978005517578e+39
603,613.6097067745197,2.1542617079365642e+39
604,614.6107178968655,2.1647596463512648e+39
605,615.6117290192113,2.1752916711882456e+39
606,616.6127401415571,2.185857837840308e+39
607,617.6137512639029,2.1964582017006835e+39
608,618.6147623862487,2.207092818163015e+39
609,619.6157735085945,2.2177617426213695e+39
610,620.6167846309403,2.2284650304702326e+39
611,621.6177957532861,2.2392027371045076e+39
612,622.6188068756319,2.249974917919513e+39
613,623.6198179979777,2.260781628310986e+39
614,624.6208291203235,2.2716229236750796e+39
615,625.6218402426694,2.282498859408365e+39
616,626.6228513650151,2.29340949090782e+39
617,627.623862487361,2.3043548735708432e+39
618,628.6248736097067,2.3153350627952452e+39
619,629.6258847320526,2.326350113979247e+39
620,630.6268958543984,2.337400082521479e+39
621,631.6279069767442,2.3484850238209908e+39
622,632.62891809909,2.359604993277236e+39
623,633.6299292214358,2.3707600462900768e+39
624,634.6309403437816,2.3819502382597926e+39
625,635.6319514661274,2.3931756245870607e+39
626,636.6329625884732,2.4044362606729728e+39
627,637.633973710819,2.415732201919027e+39
628,638.6349848331648,2.4270635037271228e+39
629,639.6359959555106,2.4384302214995724e+39
630,640.6370070778564,2.4498324106390898e+39
631,641.6380182002022,2.461270126548786e+39
632,642.639029322548,2.4727434246321923e+39
633,643.6400404448938,2.4842523602932254e+39
634,644.6410515672396,2.4957969889362206e+39
635,645.6420626895854,2.5073773659658973e+39
636,646.6430738119312,2.5189935467873903e+39
637,647.644084934277,2.5306455868062273e+39
638,648.6450960566228,2.5423335414283422e+39
639,649.6461071789686,2.5540574660600544e+39
640,650.6471183013144,2.5658174161081044e+39
641,651.6481294236603,2.5776134469796044e+39
642,652.649140546006,2.5894456140820787e+39
643,653.6501516683519,2.601313972823451e+39
644,654.6511627906976,2.613218578612028e+39
645,655.6521739130435,2.6251594868565248e+39
646,656.6531850353892,2.637136752966045e+39
647,657.6541961577351,2.6491504323500803e+39
648,658.6552072800808,2.661200580418526e+39
649,659.6562184024267,2.6732872525816646e+39
650,660.6572295247724,2.6854105042501696e+39
651,661.6582406471183,2.6975703908351108e+39
652,662.659251769464,2.7097669677479434e+39
653,663.6602628918099,2.722000290400517e+39
654,664.6612740141557,2.734270414205068e+39
655,665.6622851365015,2.746577394574221e+39
656,666.6632962588473,2.7589212869209895e+39
657,667.6643073811931,2.7713021466587786e+39
658,668.6653185035389,2.7837200292013744e+39
659,669.6663296258847,2.7961749899629536e+39
660,670.6673407482305,2.8086670843580753e+39
661,671.6683518705763,2.8211963678016886e+39
662,672.6693629929222,2.8337628957091256e+39
663,673.6703741152679,2.8463667234960935e+39
664,674.6713852376138,2.8590079065786965e+39
665,675.6723963599595,2.871686500373413e+39
666,676.6734074823054,2.8844025602971096e+39
667,677.6744186046511,2.897156141767026e+39
668,678.675429726997,2.909947300200794e+39
669,679.6764408493427,2.9227760910164096e+39
670,680.6774519716886,2.9356425696322696e+39
671,681.6784630940343,2.948546791467132e+39
672,682.6794742163802,2.9614888119401434e+39
673,683.6804853387259,2.974468686470823e+39
674,684.6814964610718,2.987486470479071e+39
675,685.6825075834175,3.000542219385165e+39
676,686.6835187057634,3.0136359886097516e+39
677,687.6845298281091,3.026767833573865e+39
678,688.685540950455,3.039937809698904e+39
679,689.6865520728007,3.053145972406647e+39
680,690.6875631951466,3.066392377119241e+39
681,691.6885743174923,3.079677079259222e+39
682,692.6895854398382,3.093000134249474e+39
683,693.690596562184,3.106361597513273e+39
684,694.6916076845298,3.119761524474264e+39
685,695.6926188068757,3.1331999705564523e+39
686,696.6936299292214,3.146676991184222e+39
687,697.6946410515673,3.160192641782329e+39
688,698.695652173913,3.1737469777758924e+39
689,699.6966632962589,3.1873400545904045e+39
690,700.6976744186046,3.200971927651728e+39
691,701.6986855409505,3.2146426523860845e+39
692,702.6996966632962,3.2283522842200656e+39
693,703.7007077856421,3.242100878580642e+39
694,704.7017189079878,3.255888490895131e+39
695,705.7027300303337,3.269715176591231e+39
696,706.7037411526794,3.2835809910969944e+39
697,707.7047522750253,3.297485989840845e+39
698,708.705763397371,3.311430228251568e+39
699,709.7067745197169,3.3254137617583113e+39
700,710.7077856420626,3.3394366457905866e+39
701,711.7087967644085,3.353498935778267e+39
702,712.7098078867542,3.367600687151593e+39
703,713.7108190091001,3.3817419553411524e+39
704,714.7118301314458,3.395922795777904e+39
705,715.7128412537917,3.4101432638931676e+39
706,716.7138523761375,3.4244034151186206e+39
707,717.7148634984833,3.438703304886296e+39
708,718.7158746208291,3.453042988628587e+39
709,719.7168857431749,3.467422521778246e+39
710,720.7178968655207,3.4818419597683843e+39
711,721.7189079878665,3.4963013580324627e+39
712,722.7199191102123,3.51080077200431e+39
713,723.7209302325581,3.525340257118098e+39
714,724.721941354904,3.5399198688083684e+39
715,725.7229524772497,3.554539662509999e+39
716,726.7239635995955,3.5691996936582386e+39
717,727.7249747219413,3.583900017688679e+39
718,728.7259858442872,3.5986406900372764e+39
719,729.7269969666329,3.613421766140329e+39
720,730.7280080889788,3.628243301434489e+39
721,731.7290192113245,3.6431053513567584e+39
722,732.7300303336704,3.658007971344508e+39
723,733.7310414560161,3.672951216835432e+39
724,734.732052578362,3.687935143267592e+39
725,735.7330637007077,3.7029598060793944e+39
726,736.7340748230536,3.7180252607096026e+39
727,737.7350859453994,3.7331315625973097e+39
728,738.7360970677452,3.748278767181977e+39
729,739.737108190091,3.7634669299034e+39
730,740.7381193124368,3.7786961062017324e+39
731,741.7391304347826,3.7939663515174653e+39
732,742.7401415571284,3.809277721291435e+39
733,743.7411526794742,3.824630270964833e+39
734,744.74216380182,3.8400240559791873e+39
735,745.7431749241658,3.855459131776375e+39
736,746.7441860465116,3.870935553798614e+39
737,747.7451971688574,3.886453377488465e+39
738,748.7462082912032,3.9020126582888454e+39
739,749.747219413549,3.917613451642994e+39
740,750.7482305358948,3.933255812994503e+39
741,751.7492416582406,3.9489397977873084e+39
742,752.7502527805864,3.9646654614656784e+39
743,753.7512639029322,3.9804328594742396e+39
744,754.752275025278,3.996242047257932e+39
745,755.7532861476238,4.012093080262059e+39
746,756.7542972699696,4.0279860139322526e+39
747,757.7553083923154,4.043920903714486e+39
748,758.7563195146613,4.0598978050550714e+39
749,759.757330637007,4.0759167734006545e+39
750,760.7583417593529,4.0919778641982206e+39
751,761.7593528816986,4.108081132895092e+39
752,762.7603640040445,4.124226634938932e+39
753,763.7613751263902,4.140414425777733e+39
754,764.7623862487361,4.1566445608598283e+39
755,765.7633973710819,4.1729170956338776e+39
756,766.7644084934277,4.189232085548883e+39
757,767.7654196157735,4.205589586054181e+39
758,768.7664307381193,4.221989652599441e+39
759,769.767441860465,4.2384323406346565e+39
760,770.7684529828109,4.254917705610168e+39
761,771.7694641051567,4.271445802976637e+39
762,772.7704752275025,4.2880166881850594e+39
763,773.7714863498483,4.304630416686763e+39
764,774.7724974721941,4.321287043933416e+39
765,775.7735085945399,4.337986625376998e+39
766,776.7745197168857,4.3547292164698333e+39
767,777.7755308392315,4.3715148726645715e+39
768,778.7765419615773,4.3883436494141874e+39
769,779.7775530839232,4.405215602171984e+39
770,780.7785642062689,4.422130786391606e+39
771,781.7795753286148,4.4390892575270076e+39
772,782.7805864509605,4.456091071032477e+39
773,783.7815975733064,4.4731362823626406e+39
774,784.7826086956521,4.4902249469724265e+39
775,785.783619817998,4.5073571203171095e+39
776,786.7846309403437,4.524532857852285e+39
777,787.7856420626896,4.541752215033869e+39
778,788.7866531850353,4.559015247318103e+39
779,789.7876643073812,4.5763220101615616e+39
780,790.7886754297269,4.593672559021122e+39
781,791.7896865520728,4.61106694935401e+39
782,792.7906976744185,4.6285052366177515e+39
783,793.7917087967644,4.645987476270219e+39
784,794.7927199191101,4.6635137237695766e+39
785,795.793731041456,4.6810840345743385e+39
786,796.7947421638017,4.698698464143324e+39
787,797.7957532861476,4.716357067935678e+39
788,798.7967644084933,4.734059901410855e+39
789,799.7977755308392,4.751807020028657e+39
790,800.7987866531851,4.7695984792491716e+39
791,801.7997977755308,4.787434334532823e+39
792,802.8008088978767,4.8053146413403546e+39
793,803.8018200202224,4.8232394551328194e+39
794,804.8028311425683,4.841208831371601e+39
795,805.803842264914,4.859222825518386e+39
796,806.8048533872599,4.877281493035183e+39
797,807.8058645096056,4.89538488938432e+39
798,808.8068756319515,4.913533070028434e+39
799,809.8078867542972,4.931726090430492e+39
800,810.8088978766431,4.949964006053759e+39
801,811.8099089989888,4.96824687236182e+39
802,812.8109201213347,4.9865747448185846e+39
803,813.8119312436804,5.004947678888253e+39
804,814.8129423660263,5.02336573003537e+39
805,815.813953488372,5.0418289537247605e+39
806,816.8149646107179,5.0603374054215893e+39
807,817.8159757330636,5.078891140591319e+39
808,818.8169868554095,5.0974902146997285e+39
809,819.8179979777552,5.116134683212901e+39
810,820.8190091001011,5.1348246015972445e+39
811,821.8200202224469,5.153560025319463e+39
812,822.8210313447927,5.172341009846574e+39
813,823.8220424671385,5.1911676106459125e+39
814,824.8230535894843,5.2100398831851184e+39
815,825.8240647118301,5.228957882932139e+39
816,826.8250758341759,5.2479216653552224e+39
817,827.8260869565217,5.2669312859229463e+39
818,828.8270980788675,5.2859868001041754e+39
819,829.8281092012134,5.305088263368091e+39
820,830.8291203235591,5.3242357311841785e+39
821,831.830131445905,5.343429259022236e+39
822,832.8311425682507,5.362668902352358e+39
823,833.8321536905966,5.381954716644944e+39
824,834.8331648129423,5.401286757370717e+39
825,835.8341759352882,5.420665080000683e+39
826,836.8351870576339,5.4400897400061515e+39
827,837.8361981799798,5.459560792858767e+39
828,838.8372093023255,5.479078294030446e+39
829,839.8382204246714,5.498642298993419e+39
830,840.8392315470171,5.518252863220221e+39
831,841.840242669363,5.537910042183684e+39
832,842.8412537917088,5.55761389135695e+39
833,843.8422649140546,5.577364466213465e+39
834,844.8432760364004,5.597161822226956e+39
835,845.8442871587462,5.61700601487147e+39
836,846.845298281092,5.636897099621357e+39
837,847.8463094034378,5.65683513195126e+39
838,848.8473205257836,5.676820167336118e+39
839,849.8483316481294,5.696852261251163e+39
840,850.8493427704752,5.716931469171955e+39
841,851.850353892821,5.737057846574326e+39
842,852.8513650151668,5.757231448934412e+39
843,853.8523761375126,5.777452331728656e+39
844,854.8533872598584,5.797720550433789e+39
845,855.8543983822042,5.818036160526841e+39
846,856.85540950455,5.838399217485145e+39
847,857.8564206268958,5.858809776786317e+39
848,858.8574317492416,5.879267893908291e+39
849,859.8584428715874,5.899773624329272e+39
850,860.8594539939332,5.920327023527773e+39
851,861.860465116279,5.9409281469826e+39
852,862.8614762386248,5.96157705017287e+39
853,863.8624873609706,5.982273788577951e+39
854,864.8634984833164,6.003018417677559e+39
855,865.8645096056623,6.023810992951665e+39
856,866.865520728008,6.044651569880547e+39
857,867.8665318503539,6.065540203944773e+39
858,868.8675429726997,6.086476950625199e+39
859,869.8685540950455,6.107461865402988e+39
860,870.8695652173913,6.128495003759576e+39
861,871.8705763397371,6.149576421176706e+39
862,872.8715874620829,6.17070617313641e+39
863,873.8725985844287,6.191884315120993e+39
864,874.8736097067745,6.213110902613073e+39
865,875.8746208291203,6.23438599109554e+39
866,876.8756319514661,6.255709636051592e+39
867,877.8766430738119,6.277081892964698e+39
868,878.8776541961577,6.298502817318623e+39
869,879.8786653185035,6.319972464597423e+39
870,880.8796764408493,6.341490890285439e+39
871,881.8806875631951,6.363058149867313e+39
872,882.8816986855409,6.38467429882794e+39
873,883.8827098078867,6.406339392652537e+39
874,884.8837209302325,6.428053486826595e+39
875,885.8847320525783,6.449816636835891e+39
876,886.8857431749242,6.471628898166485e+39
877,887.8867542972699,6.493490326304726e+39
878,888.8877654196158,6.51540097673725e+39
879,889.8887765419615,6.537360904950979e+39
880,890.8897876643074,6.559370166433112e+39
881,891.8907987866531,6.581428816671139e+39
882,892.891809908999,6.603536911152831e+39
883,893.8928210313447,6.625694505366239e+39
884,894.8938321536906,6.647901654799708e+39
885,895.8948432760363,6.670158414941852e+39
886,896.8958543983822,6.692464841281583e+39
887,897.8968655207279,6.714820989308092e+39
888,898.8978766430738,6.73722691451083e+39
889,899.8988877654195,6.759682672379562e+39
890,900.8998988877654,6.782188318404308e+39
891,901.9009100101111,6.804743908075383e+39
892,902.901921132457,6.827349496883382e+39
893,903.9029322548027,6.850005140319171e+39
894,904.9039433771486,6.872710893873905e+39
895,905.9049544994944,6.895466813039021e+39
896,906.9059656218402,6.918272953306223e+39
897,907.9069767441861,6.941129370167507e+39
898,908.9079878665318,6.964036119115123e+39
899,909.9089989888777,6.986993255641644e+39
900,910.9100101112234,7.010000835239874e+39
901,911.9110212335693,7.033058913402917e+39
902,912.912032355915,7.056167545624153e+39
903,913.9130434782609,7.079326787397247e+39
904,914.9140546006066,7.102536694216115e+39
905,915.9150657229525,7.125797321574977e+39
906,916.9160768452982,7.149108724968305e+39
907,917.9170879676441,7.17247095989087e+39
908,918.9180990899898,7.1958840818377e+39
909,919.9191102123357,7.219348146304107e+39
910,920.9201213346814,7.242863208785675e+39
911,921.9211324570273,7.266429324778262e+39
912,922.922143579373,7.290046549778e+39
913,923.9231547017189,7.313714939281294e+39
914,924.9241658240646,7.337434548784818e+39
915,925.9251769464105,7.361205433785533e+39
916,926.9261880687562,7.385027649780659e+39
917,927.9271991911021,7.408901252267698e+39
918,928.928210313448,7.432826296744405e+39
919,929.9292214357937,7.456802838708828e+39
920,930.9302325581396,7.480830933659286e+39
921,931.9312436804853,7.504910637094347e+39
922,932.9322548028312,7.52904200451288e+39
923,933.9332659251769,7.553225091413998e+39
924,934.9342770475228,7.577459953297092e+39
925,935.9352881698685,7.601746645661843e+39
926,936.9362992922144,7.62608522400817e+39
927,937.9373104145601,7.65047574383627e+39
928,938.938321536906,7.674918260646627e+39
929,939.9393326592517,7.699412829939974e+39
930,940.9403437815976,7.723959507217319e+39
931,941.9413549039433,7.748558347979933e+39
932,942.9423660262892,7.773209407729382e+39
933,943.9433771486349,7.797912741967442e+39
934,944.9443882709808,7.82266840619622e+39
935,945.9453993933265,7.84747645591804e+39
936,946.9464105156724,7.872336946635526e+39
937,947.9474216380181,7.897249933851543e+39
938,948.948432760364,7.922215473069243e+39
939,949.9494438827098,7.947233619792024e+39
940,950.9504550050556,7.972304429523567e+39
941,951.9514661274014,7.997427957767818e+39
942,952.9524772497472,8.022604260028955e+39
943,953.953488372093,8.047833391811459e+39
944,954.9544994944388,8.07311540862006e+39
945,955.9555106167846,8.09845036595976e+39
946,956.9565217391304,8.123838319335793e+39
947,957.9575328614762,8.149279324253707e+39
948,958.958543983822,8.174773436219257e+39
949,959.9595551061678,8.200320710738511e+39
950,960.9605662285136,8.225921203317774e+39
951,961.9615773508594,8.251574969463597e+39
952,962.9625884732052,8.277282064682836e+39
953,963.963599595551,8.303042544482563e+39
954,964.9646107178968,8.328856464370142e+39
955,965.9656218402426,8.354723879853183e+39
956,966.9666329625884,8.380644846439553e+39
957,967.9676440849342,8.406619419637407e+39
958,968.96865520728,8.43264765495512e+39
959,969.9696663296259,8.458729607901351e+39
960,970.9706774519716,8.484865333985013e+39
961,971.9716885743175,8.511054888715279e+39
962,972.9726996966633,8.537298327601578e+39
963,973.973710819009,8.56359570615359e+39
964,974.9747219413549,8.589947079881273e+39
965,975.9757330637007,8.616352504294833e+39
966,976.9767441860465,8.642812034904723e+39
967,977.9777553083923,8.669325727221663e+39
968,978.9787664307381,8.695893636756636e+39
969,979.9797775530839,8.72251581902086e+39
970,980.9807886754297,8.749192329525837e+39
971,981.9817997977755,8.775923223783308e+39
972,982.9828109201213,8.802708557305269e+39
973,983.9838220424671,8.829548385603967e+39
974,984.9848331648129,8.856442764191953e+39
975,985.9858442871587,8.883391748581939e+39
976,986.9868554095045,8.910395394286989e+39
977,987.9878665318503,8.937453756820346e+39
978,988.9888776541961,8.964566891695564e+39
979,989.9898887765419,8.991734854426406e+39
980,990.9908998988877,9.018957700526911e+39
981,991.9919110212335,9.046235485511396e+39
982,992.9929221435793,9.073568264894353e+39
983,993.9939332659252,9.100956094190621e+39
984,994.9949443882709,9.128399028915223e+39
985,995.9959555106168,9.155897124583473e+39
986,996.9969666329625,9.183450436710903e+39
987,997.9979777553084,9.211059020813337e+39
988,998.9989888776541,9.238722932406806e+39
989,1000.0,9.266442227007633e+39
